{"cameraMode":{"drawMode":2,"name":"Shaded Wireframe","section":"Shading Mode"},"sceneLighting":true,"audioPlay":false,"sceneViewState":{"showFog":true,"showMaterialUpdate":false,"showSkybox":true,"showFlares":true,"showImageEffects":true,"showParticleSystems":true},"in2DMode":false,"pivot":{"x":18.483789443969728,"y":2.838991165161133,"z":-0.31033462285995486},"rotation":{"x":0.09136774390935898,"y":0.8139777183532715,"z":-0.13328981399536134,"w":0.5579659342765808},"size":18.814788818359376,"orthographic":false}